create user c##scott identified by tiger default tablespace users temporary tablespace temp quota 50m on users;
create role c##conecta;
grant alter session, create cluster, create database link, create sequence, create session, create synonym, create table, create view to c##conecta;
grant c##conecta to c##scott;
conn c##scott/tiger

drop table TVENDEDOR;

create table TVENDEDOR (
	cod_ven		char(3) 	NOT NULL,
	nom_ven		varchar2(25) 	NOT NULL,
	porcen		number(4),
	titulacion	varchar2(10),
	superior	char(3)
)
/

insert into TVENDEDOR values ('002','PEREZ DIRAC A.', 5, 'ELEMENTAL', '001');
insert into TVENDEDOR values ('003', 'SOTO LOIS F.', 10, 'MEDIA','001');
insert into TVENDEDOR values ('004', 'PRADOS GOMEZ R.', 7, 'ELEMENTAL', '003');
insert into TVENDEDOR values ('006', 'LOPEZ MAS C.', 10, 'MEDIA', '003');
insert into TVENDEDOR (COD_VEN, NOM_VEN, PORCEN, TITULACION) values ('001','CORZAN BLASCO M.C.', 10, 'SUPERIOR');
insert into TVENDEDOR (COD_VEN, NOM_VEN, PORCEN, TITULACION) values ('005', 'TORRES PAZ L.', 15, 'SUPERIOR');
COMMIT;


drop table TPROVINCIA;

create table TPROVINCIA (
	codigo		char(2) 	NOT NULL,
	nombre		varchar2(25) 	NOT NULL,
	total_compra	number(10) 	NOT NULL
)
/

insert into TPROVINCIA values ('HU', 'HUESCA', 1000000);
insert into TPROVINCIA values ('Z', 'ZARAGOZA', 600000);
insert into TPROVINCIA values ('CC', 'CACERES', 800000);
insert into TPROVINCIA values ('B', 'BARCELONA', 200000);
insert into TPROVINCIA values ('S', 'SEVILLA', 600000);
insert into TPROVINCIA values ('TE', 'TERUEL', 800000);
insert into TPROVINCIA values ('LO', 'LOGROÑO', 100000);
insert into TPROVINCIA values ('TO', 'TOLEDO', 2000);
COMMIT;


drop table TCLIENTE;

create table  TCLIENTE (
	dni		char(10)	not null,
	nombre		varchar2(25)	not null,
	provincia	char(2)		not null,
	tipo		char(2),
	fecha_alta	date,
	vendedor	char(3),
	compras		number(7)
)
/

Insert into TCLIENTE values ('10101010','VALLE MAS ANGEL','HU','AA',TO_DATE('12/04/1996','DD/MM/YYYY'),'001',0100000);
Insert into TCLIENTE values ('20202020','CARRERA PEREZ LUIS','Z','BB',TO_DATE('09/02/1997','DD/MM/YYYY'),'002',0200000);
Insert into TCLIENTE values ('30303030','LÓPEZ MUR ANA','HU','AA',TO_DATE('09/06/1998','DD/MM/YYYY'),'003',0300000);
Insert into TCLIENTE values ('40404040','GOMEZ GOMEZ MARIA','M','CC',TO_DATE('08/04/1992','DD/MM/YYYY'),'001',0200000);
Insert into TCLIENTE values ('50505050','TORRES CINCO BENITO','TO','AA',TO_DATE('09/08/1998','DD/MM/YYYY'),'003',0200000);
Insert into TCLIENTE values ('60606060','ROLDAN GUARDIA JOSE','CC','DD',TO_DATE('01/01/1998','DD/MM/YYYY'),'001',0100000);
Insert into TCLIENTE values ('70707070','PINO ALTO LUISA','Z','AA',TO_DATE('12/04/1996','DD/MM/YYYY'),'001',0400000);
COMMIT;



drop table TARTICULO;

create table TARTICULO (
	cod_art 	char(4) 	not null, 
	descripcion 	varchar2(10), 
	precio 		number(5), 
	stock 		number(5), 
	procedencia 	varchar2(10))
/

insert into TARTICULO values ('ART1', 'MESA', 1000, 100, 'PORTUGAL');
insert into TARTICULO values ('ART2', 'SILLA', 500, 200, 'FRANCIA');
insert into TARTICULO values ('ART3', 'TELEFONO', 10000, 10, 'MEXICO');
insert into TARTICULO values ('ART4', 'LIBRERIA', 8000, 20, 'PORTUGAL');
insert into TARTICULO values ('ART5', 'PAPELERA', 1000, 50, 'BRASIL');

commit;


drop table TVENTA;

create table TVENTA (
	cliente 	char(10) 	not null, 
	articulo 	char(4) 	not null,  
	fecha 		date 		not null, 
	cantidad 	number(5)
)
/

insert into TVENTA values ('10101010', 'ART1', to_date('01,01,1998', 'dd, mm, yyyy'),10);
insert into TVENTA values ('10101010', 'ART2', to_date('01,02,1998', 'dd, mm, yyyy'),20);
insert into TVENTA values ('30303030', 'ART1', to_date('01,06,1998', 'dd, mm, yyyy'),15);
insert into TVENTA values ('60606060', 'ART3', to_date('01,07,1998', 'dd, mm, yyyy'),10);
insert into TVENTA values ('70707070', 'ART1', to_date('02,03,1998', 'dd, mm, yyyy'),5);
insert into TVENTA values ('70707070', 'ART4', to_date('03,04,1998', 'dd, mm, yyyy'),2);
commit;



DROP TABLE DEPARTAMENTO;

CREATE TABLE DEPARTAMENTO
(
	NUM_DEPTO	NUMBER(2),
	NOMBRE		VARCHAR2(14),
	LOCALIDAD	VARCHAR2(10)
)
/

INSERT INTO DEPARTAMENTO VALUES (1, 'CONTABILIDAD', 'VITORIA');
INSERT INTO DEPARTAMENTO VALUES (2, 'INVESTIGACION', 'ALEGRIA');
INSERT INTO DEPARTAMENTO VALUES (3, 'VENTAS', 'MIRANDA');
INSERT INTO DEPARTAMENTO VALUES (4, 'PROGRAMACION', 'LAGUARDIA');

commit;


drop table EMPLEADO;

create table EMPLEADO
(
	num_emp	number(4),
	nombre		varchar2(45),
	puesto		varchar2(12),
	num_sup		number(4),
	fecha_alta	date,
	salario		number(7,2),
	comision	number(7,2),
	num_dep		number(2)
)
/

insert into empleado values
(1001, 'ALBA CASADO NOAH', 'PROGRAMADOR', 1003, TO_DATE('16/09/2001','DD/MM/YYYY'), 900, 0, 4);
insert into empleado values
(1002, 'ALVAREZ GONZALEZ KENNETH', 'ANALISTA', 1003, TO_DATE('12/09/2001','DD/MM/YYYY'), 1000.5, 0, 2);
insert into empleado values
(1003, 'ALVAREZ PARADA JEAN PAUL DUVAN', 'VENDEDOR', 1004, TO_DATE('13/09/2001','DD/MM/YYYY'), 2000.75, 500.5, 3);
insert into empleado values
(1004, 'ANI ANI EMMANUEL', 'PROGRAMADOR', 1004, TO_DATE('12/10/2001','DD/MM/YYYY'), 900, 0, 4);
insert into empleado values
(1005, 'BENEITEZ BAZ JAIRO', 'PROGRAMADOR', 1004, TO_DATE('12/10/2001','DD/MM/YYYY'), 900, 0, 4);
insert into empleado values
(1006, 'BOADA BOVEDA MIKEL', 'JEFE', 1004, TO_DATE('14/09/2001','DD/MM/YYYY'), 3000.5, 0, 1);
insert into empleado values
(1007, 'CEBOTARI ILIA', 'PRESIDENTE', 1004, TO_DATE('15/09/2001','DD/MM/YYYY'), 4000.75, 0, 1);
insert into empleado values
(1008, 'GARRIDO PILO ENEKO', 'ANALISTA', 1003, TO_DATE('14/10/2001','DD/MM/YYYY'), 1000.5, 0, 4);
insert into empleado values
(1009, 'HINOJOSA GUARACHI SANDRA MERCEDEZ', 'VENDEDOR', 1003, TO_DATE('13/10/2001','DD/MM/YYYY'), 2000.75, 500.5, 3);
insert into empleado values
(1010, 'MENDEZ GARCIA CARLOS RENE', 'ANALISTA', 1004, TO_DATE('16/10/2001','DD/MM/YYYY'), 1000.5, 0, 2);
insert into empleado values
(1011, 'OLAZABAL VALLES LUIS', 'ANALISTA', 1004, TO_DATE('16/10/2001','DD/MM/YYYY'), 2000.5, 0, 1);
insert into empleado values
(1012, 'OROZCO PEREZ JOSE ANGEL', 'ANALISTA', 1003, TO_DATE('14/10/2001','DD/MM/YYYY'), 1000.5, 0, 4);
insert into empleado values
(1013, 'PAUNERO TERUELO ALAIN', 'ANALISTA', 1003, TO_DATE('14/10/2001','DD/MM/YYYY'), 1000.5, 0, 4);
insert into empleado values
(1014, 'RAMIREZ ARIAS NIXON ARBEY', 'ANALISTA', 1003, TO_DATE('14/10/2001','DD/MM/YYYY'), 1000.5, 0, 4);
insert into empleado values
(1015, 'RINCON MENA SAMUEL ESTEBAN', 'ANALISTA', 1003, TO_DATE('14/10/2001','DD/MM/YYYY'), 1000.5, 0, 4);
insert into empleado values
(1016, 'SALAZAR ARGUELLO IVAN', 'ANALISTA', 1004, TO_DATE('16/10/2001','DD/MM/YYYY'), 3000.5, 0, 2);
insert into empleado values
(1017, 'TEJADA MEDRANO HENRI', 'ANALISTA', 1004, TO_DATE('16/10/2001','DD/MM/YYYY'), 2500.5, 0, 4);
insert into empleado values
(1018, 'URIARTE FERNANDEZ ENEKO', 'ANALISTA', 1004, TO_DATE('16/10/2001','DD/MM/YYYY'), 3000.5, 0, 3);
insert into empleado values
(1019, 'ABDELHAY ALIEN NAILA', 'ANALISTA', 1004, TO_DATE('16/11/2001','DD/MM/YYYY'), 2000.5, 0, 2);
insert into empleado values
(1020, 'ACHLOUCH EL KHARRAZ ISMAIL', 'ANALISTA', 1004, TO_DATE('16/12/2001','DD/MM/YYYY'), 2000, 0, 3);
insert into empleado values
(1021, 'ALONSO FAJARDO IVAN', 'ANALISTA', 1004, TO_DATE('17/10/2001','DD/MM/YYYY'), 2000.5, 0, 2);
insert into empleado values
(1022, 'ALVES ALVES ALEXANDRO DANIEL', 'ANALISTA', 1004, TO_DATE('17/10/2001','DD/MM/YYYY'), 2000.5, 0, 2);
insert into empleado values
(1023, 'BARROS SEGURA AITOR', 'ANALISTA', 1004, TO_DATE('17/10/2001','DD/MM/YYYY'), 2000.5, 0, 2);
insert into empleado values
(1024, 'BUSTO VIRTO NICOLAS', 'ANALISTA', 1004, TO_DATE('17/10/2001','DD/MM/YYYY'), 2000.5, 0, 2);
insert into empleado values
(1025, 'CASTILLO VALENTIN IRATI', 'ANALISTA', 1003, TO_DATE('14/10/2001','DD/MM/YYYY'), 1000.5, 0, 4);
insert into empleado values
(1026, 'CONTRERAS RAMOS ASHLEY SIENNA', 'ANALISTA', 1003, TO_DATE('14/10/2001','DD/MM/YYYY'), 1000.5, 0, 4);
insert into empleado values
(1027, 'DAVILA JAUSORO BENAT', 'ANALISTA', 1003, TO_DATE('14/10/2001','DD/MM/YYYY'), 1000.5, 0, 4);
insert into empleado values
(1028, 'ERENO APINANIZ EIRA', 'ANALISTA', 1003, TO_DATE('14/10/2001','DD/MM/YYYY'), 1000.5, 0, 4);
insert into empleado values
(1029, 'GONZALEZ GARCIA ALEJANDRO', 'ANALISTA', 1004, TO_DATE('16/10/2001','DD/MM/YYYY'), 3000.5, 0, 2);
insert into empleado values
(1030, 'INIGUEZ DE CIRIANO GARCIA GARI', 'ANALISTA', 1004, TO_DATE('16/10/2001','DD/MM/YYYY'), 2500.5, 0, 4);
insert into empleado values
(1031, 'MERINO MENDEZ ARITZ', 'ANALISTA', 1004, TO_DATE('16/10/2001','DD/MM/YYYY'), 3000.5, 0, 3);
insert into empleado values
(1032, 'RAMIREZ HERRERA UNAI', 'ANALISTA', 1004, TO_DATE('16/11/2001','DD/MM/YYYY'), 2000.5, 0, 2);
insert into empleado values
(1033, 'RUIZ DE VINASPRE BERMUDEZ JULEN', 'ANALISTA', 1004, TO_DATE('16/12/2001','DD/MM/YYYY'), 2000, 0, 3);
insert into empleado values
(1034, 'SANCHEZ COLOMINAS DAVID', 'ANALISTA', 1004, TO_DATE('17/10/2001','DD/MM/YYYY'), 2000.5, 0, 2);
insert into empleado values
(1035, 'SANCHEZ SANCHA MIKEL', 'ANALISTA', 1004, TO_DATE('17/10/2001','DD/MM/YYYY'), 2000.5, 0, 2);
insert into empleado values
(1036, 'SANTAMARIA COLOMINA NAIA', 'ANALISTA', 1004, TO_DATE('17/10/2001','DD/MM/YYYY'), 2000.5, 0, 2);
insert into empleado values
(1037, 'TATAY AGUIRRE OIHANE', 'ANALISTA', 1004, TO_DATE('17/10/2001','DD/MM/YYYY'), 2000.5, 0, 2);

commit;


DROP TABLE GRADO;

CREATE TABLE GRADO
(
	GRADO		NUMBER(1) 	NOT NULL,
	SALARIO_MIN	NUMBER(7,2),
	SALARIO_MAX	NUMBER(7,2)
)
/

INSERT INTO GRADO VALUES (1, 500, 1500);
INSERT INTO GRADO VALUES (2, 1501, 2500);
INSERT INTO GRADO VALUES (3, 2501, 3500);
INSERT INTO GRADO VALUES (4, 3501, 4500);
INSERT INTO GRADO VALUES (5, 4501, 6000);

COMMIT;



REM ************ TABLAS UNIDAD III
REM ************ TABLASUNI3.SQL


REM ******** TABLA DEPART: ***********

DROP TABLE DEPART cascade constraints; 

CREATE TABLE DEPART (
 DEPT_NO  NUMBER(2) 	NOT NULL,
 DNOMBRE  VARCHAR2(14), 
 LOC      VARCHAR2(14) );

INSERT INTO DEPART VALUES (10,'CONTABILIDAD','SEVILLA');
INSERT INTO DEPART VALUES (20,'INVESTIGACION','MADRID');
INSERT INTO DEPART VALUES (30,'VENTAS','BARCELONA');
INSERT INTO DEPART VALUES (40,'PRODUCCIÓN','BILBAO');
COMMIT;


REM ******** TABLA EMPLE: *************

ALTER SESSION SET NLS_DATE_FORMAT='DD/MM/YYYY';

DROP TABLE EMPLE cascade constraints; 

CREATE TABLE EMPLE (
 EMP_NO    NUMBER(4) 	NOT NULL,
 APELLIDO  VARCHAR2(10),
 OFICIO    VARCHAR2(10),
 DIR       NUMBER(4),
 FECHA_ALT DATE,
 SALARIO   NUMBER(10),
 COMISION  NUMBER(10),
 DEPT_NO   NUMBER(2) 	NOT NULL);

INSERT INTO EMPLE VALUES (7369,'SANCHEZ','EMPLEADO',7902,'17/12/1980',
                        104000,NULL,20);
INSERT INTO EMPLE VALUES (7499,'ARROYO','VENDEDOR',7698,'20/02/1980',
                        208000,39000,30);
INSERT INTO EMPLE VALUES (7521,'SALA','VENDEDOR',7698,'22/02/1981',
                        162500,65000,30);
INSERT INTO EMPLE VALUES (7566,'JIMENEZ','DIRECTOR',7839,'02/04/1981',
                        386750,NULL,20);
INSERT INTO EMPLE VALUES (7654,'MARTIN','VENDEDOR',7698,'29/09/1981',
                        162500,182000,30);
INSERT INTO EMPLE VALUES (7698,'NEGRO','DIRECTOR',7839,'01/05/1981',
                        370500,NULL,30);
INSERT INTO EMPLE VALUES (7782,'CEREZO','DIRECTOR',7839,'09/06/1981',
                        318500,NULL,10);
INSERT INTO EMPLE VALUES (7788,'GIL','ANALISTA',7566,'09/11/1981',
                        390000,NULL,20);
INSERT INTO EMPLE VALUES (7839,'REY','PRESIDENTE',NULL,'17/11/1981',
                        650000,NULL,10);
INSERT INTO EMPLE VALUES (7844,'TOVAR','VENDEDOR',7698,'08/09/1981',
                        195000,0,30);
INSERT INTO EMPLE VALUES (7876,'ALONSO','EMPLEADO',7788,'23/09/1981',
                        143000,NULL,20);
INSERT INTO EMPLE VALUES (7900,'JIMENO','EMPLEADO',7698,'03/12/1981',
                        123500,NULL,30);
INSERT INTO EMPLE VALUES (7902,'FERNANDEZ','ANALISTA',7566,'03/12/1981',
                        390000,NULL,20);
INSERT INTO EMPLE VALUES (7934,'MUNOZ','EMPLEADO',7782,'23/01/1982',
                        169000,NULL,10);

COMMIT;

REM ******** TABLA NOTAS_ALUMNOS: ***********

Drop table notas_alumnos cascade constraints;

create table notas_alumnos
 (
   NOMBRE_ALUMNO 	VARCHAR2(25) NOT NULL,
   nota1 		number(2),
   nota2 		number(2),
   nota3 		number(2)
 );
 
insert into NOTAS_ALUMNOS VALUES ('Alcalde Garcia, M. Luisa',5,5,5);
insert into NOTAS_ALUMNOS VALUES ('Benito Martin, Luis',7,6,8);
insert into NOTAS_ALUMNOS VALUES ('Casas Martinez, Manuel',7,5,5);
insert into NOTAS_ALUMNOS VALUES ('Corregidor Ssnchez, Ana',6,9,8);
insert into NOTAS_ALUMNOS VALUES ('Diaz Ssnchez, Maria',NULL,NULL,7);
COMMIT;

REM ******** TABLA LIBRERIA: *************

Drop table LIBRERIA cascade constraints;

create table LIBRERIA
 (TEMA 		CHAR(15) NOT NULL ,
  ESTANTE 	CHAR(1),
  EJEMPLARES 	NUMBER(2)
 );

INSERT INTO LIBRERIA VALUES ('Informatica', 'A',15);
INSERT INTO LIBRERIA VALUES ('Economia',    'A',10);
INSERT INTO LIBRERIA VALUES ('Deportes',    'B',8);
INSERT INTO LIBRERIA VALUES ('Filosofia',   'C',7);
INSERT INTO LIBRERIA VALUES ('Dibujo',      'C',10);
INSERT INTO LIBRERIA VALUES ('Medicina',    'C',16);
INSERT INTO LIBRERIA VALUES ('Biologia',    'A',11);
INSERT INTO LIBRERIA VALUES ('Geologia',    'D',7);
INSERT INTO LIBRERIA VALUES ('Sociedad',    'D',9);
INSERT INTO LIBRERIA VALUES ('Labores',     'B',20);
INSERT INTO LIBRERIA VALUES ('Jardineria',    'E',6);
COMMIT;

REM ******** TABLAS ALUMNOS, ASIGNATURAS, NOTAS: ***********

DROP TABLE ALUMNOS cascade constraints;

CREATE TABLE ALUMNOS
(
  DNI 		VARCHAR2(10) NOT NULL,
  APENOM 	VARCHAR2(30),
  DIREC 	VARCHAR2(30),
  POBLA  	VARCHAR2(15),
  TELEF  	VARCHAR2(10)  
);

DROP TABLE ASIGNATURAS cascade constraints;

CREATE TABLE ASIGNATURAS
(
  COD 		NUMBER(2) NOT NULL,
  NOMBRE 	VARCHAR2(25)
);

DROP TABLE NOTAS cascade constraints;

CREATE TABLE NOTAS
(
  DNI 	VARCHAR2(10) 	NOT NULL,
  COD 	NUMBER(2) 	NOT NULL,
  NOTA 	NUMBER(2)
);

INSERT INTO ASIGNATURAS VALUES (1,'Prog. Leng. Estr.');
INSERT INTO ASIGNATURAS VALUES (2,'Sist. Informaticos');
INSERT INTO ASIGNATURAS VALUES (3,'Analisis');
INSERT INTO ASIGNATURAS VALUES (4,'FOL');
INSERT INTO ASIGNATURAS VALUES (5,'RET');
INSERT INTO ASIGNATURAS VALUES (6,'Entornos Graficos');
INSERT INTO ASIGNATURAS VALUES (7,'Aplic. Entornos 4.Gen');

INSERT INTO ALUMNOS VALUES
('12344345','Alcalde Garcia, Elena', 'C/Las Matas, 24','Madrid','917766545');

INSERT INTO ALUMNOS VALUES
('4448242','Cerrato Vela, Luis', 'C/Mina 28 - 3A', 'Madrid','916566545');

INSERT INTO ALUMNOS VALUES
('56882942','Diaz Fernandez, Maria', 'C/Luis Vives 25', 'Mostoles','915577545');

INSERT INTO NOTAS VALUES('12344345', 1,6);
INSERT INTO NOTAS VALUES('12344345', 2,5);
INSERT INTO NOTAS VALUES('12344345', 3,6);

INSERT INTO NOTAS VALUES('4448242', 4,6);
INSERT INTO NOTAS VALUES('4448242', 5,8);
INSERT INTO NOTAS VALUES('4448242', 6,4);
INSERT INTO NOTAS VALUES('4448242', 7,5);

INSERT INTO NOTAS VALUES('56882942', 4,8);
INSERT INTO NOTAS VALUES('56882942', 5,7);
INSERT INTO NOTAS VALUES('56882942', 6,8);
INSERT INTO NOTAS VALUES('56882942', 7,9);

COMMIT;

REM ******** FIN ***********************



REM ************ TABLAS UNIDAD IV
REM ************ TABLASUNI4.SQL


REM ********** TABLA NOMBRES: ***********

DROP TABLE NOMBRES cascade constraints; 
CREATE TABLE NOMBRES
(
  NOMBRE 	VARCHAR2(15),
  EDAD 		NUMBER(2)
);

INSERT INTO NOMBRES VALUES('PEDRO', 17);
INSERT INTO NOMBRES VALUES('JUAN', 17);
INSERT INTO NOMBRES VALUES('MARIA', 16);
INSERT INTO NOMBRES VALUES('CLARA', 14);
INSERT INTO NOMBRES VALUES(NULL, 15);
INSERT INTO NOMBRES VALUES(NULL, 18);
INSERT INTO NOMBRES VALUES('JESUS', NULL);

COMMIT;

REM ********** TABLA MISTEXTOS: *************

DROP TABLE MISTEXTOS cascade constraints; 

CREATE TABLE MISTEXTOS (
 TITULO  	VARCHAR2(32),
 AUTOR   	VARCHAR2(22),
 EDITORIAL 	VARCHAR2(15), 
 PAGINA  	NUMBER(3)
 );

INSERT INTO MISTEXTOS VALUES ('METODOLOGIA DE LA PROGRAMACION.', 
'ALCALDE, GARCIA', 'MCGRAWHILL',140);
INSERT INTO MISTEXTOS VALUES ('"INFORMATICA BASICA."', 'GARCIA GARCERAN', 'PARANINFO',130);
INSERT INTO MISTEXTOS VALUES ('SISTEMAS OPERATIVOS', 'J.F. GARCIA', 'OBSBORNE',300);
INSERT INTO MISTEXTOS VALUES ('SISTEMAS DIGITALES.', 'M.A. RUIZ', 
'PRENTICE HALL',190);
INSERT INTO MISTEXTOS VALUES ('"MANUAL DE C."', 'M.A. RUIZ', 'MCGRAWHILL',340);

COMMIT;


REM ********** TABLA LIBROS: *************

DROP TABLE LIBROS cascade constraints; 

CREATE TABLE LIBROS (
 TITULO  	VARCHAR2(32),
 AUTOR   	VARCHAR2(22),
 EDITORIAL 	VARCHAR2(15), 
 PAGINA  	NUMBER(3)
 );

INSERT INTO LIBROS VALUES ('LA COLMENA', 'CELA, CAMILO JOSE', 'PLANETA',240);
INSERT INTO LIBROS VALUES ('LA HISTORIA DE MI HIJO', 'GORDIMER, NADINE', 'TIEM.MODERNOS',327);
INSERT INTO LIBROS VALUES ('LA MIRADA DEL OTRO', 'G.DELGADO, FERNANDO', 'PLANETA',298);
INSERT INTO LIBROS VALUES ('ULTIMAS TARDES CON TERESA','MARSE, JUAN', 'CIRCULO',350);
INSERT INTO LIBROS VALUES ('LA NOVELA DE P. ANSUREZ', 
'TORRENTE B., GONZALO', 'PLANETA',162);
COMMIT;

REM ********** TABLA NACIMIENTOS:******************

DROP TABLE NACIMIENTOS cascade constraints; 

ALTER SESSION SET NLS_DATE_FORMAT='DD/MM/YYYY';

CREATE TABLE NACIMIENTOS (
 NOMBRE 	CHAR(15),
 APELLIDO 	CHAR(15),
 FECHANAC 	DATE,
 EDAD 		NUMBER
 );


INSERT INTO NACIMIENTOS VALUES ('PEDRO', 'SANCHEZ','12/05/1982', 17);
INSERT INTO NACIMIENTOS VALUES ('JUAN', 'JIMENEZ','23/08/1982', 17);
INSERT INTO NACIMIENTOS VALUES ('MARIA', 'LOPEZ','02/02/1983', 16);
INSERT INTO NACIMIENTOS VALUES ('CLARA', 'LASECA','20/05/1985', 14);
COMMIT;


REM ********** FIN *************************


REM ************ TABLAS UNIDAD V
REM ************ TABLASUNI5.SQL

REM ************ TABLAS PARALEER Y LEIDOS **************

DROP TABLE PARALEER cascade constraints; 

CREATE  TABLE  PARALEER
(
  COD_LIBRO  	NUMBER(3),
  NOMBRE_LIBRO 	VARCHAR2(40)
);

DROP TABLE LEIDOS cascade constraints; 

ALTER SESSION SET NLS_DATE_FORMAT='DD/MM/YYYY';

CREATE  TABLE  LEIDOS
(
  COD_LIBRO  	NUMBER(3),
  FECHA  	DATE
);

INSERT INTO PARALEER values(100,'Cien Anos de Soledad');
INSERT INTO PARALEER values (200,'Los Mitos Griegos');
INSERT INTO PARALEER values (300,'El Camino');

INSERT INTO LEIDOS values(300, '20/02/1999');
INSERT INTO LEIDOS values(200, '11/04/1999');

COMMIT;

REM ************ TABLA ALUM, NUEVOS, ANTIGUOS ************

DROP TABLE ALUM cascade constraints;
DROP TABLE NUEVOS cascade constraints;
DROP TABLE ANTIGUOS cascade constraints;

Create TABLE ALUM
(
 NOMBRE 	VARCHAR2(20),
 EDAD 		NUMBER(2),
 LOCALIDAD 	VARCHAR2(15)
);

Create TABLE  NUEVOS
(
 NOMBRE  	VARCHAR2(20),
 EDAD 		NUMBER(2),
 LOCALIDAD 	VARCHAR2(15)
);

Create TABLE ANTIGUOS
(
 NOMBRE  	VARCHAR2(20),
 EDAD 		NUMBER(2),
 LOCALIDAD 	VARCHAR2(15)
);

INSERT INTO ALUM VALUES('JUAN',18,'COSLADA');
INSERT INTO ALUM VALUES('PEDRO',19,'COSLADA');
INSERT INTO ALUM VALUES('ANA',17,'ALCALA');
INSERT INTO ALUM VALUES('LUISA',18,'TORREJON');
INSERT INTO ALUM VALUES('MARIA',20,'MADRID');
INSERT INTO ALUM VALUES('ERNESTO',21,'MADRID');
INSERT INTO ALUM VALUES('RAQUEL',19,'TOLEDO');

INSERT INTO NUEVOS VALUES('JUAN',18,'COSLADA');
INSERT INTO NUEVOS VALUES('MAITE',15,'ALCALA');
INSERT INTO NUEVOS VALUES('SOFIA',14,'ALCALA');
INSERT INTO NUEVOS VALUES('ANA',17,'ALCALA');
INSERT INTO NUEVOS VALUES('ERNESTO',21,'MADRID');

INSERT INTO ANTIGUOS VALUES('MARIA',20,'MADRID');
INSERT INTO ANTIGUOS VALUES('ERNESTO',21,'MADRID');
INSERT INTO ANTIGUOS VALUES('ANDRES',26,'LAS ROZAS');
INSERT INTO ANTIGUOS VALUES('IRENE',24,'LAS ROZAS');

COMMIT;

REM ************ TABLA PERSONAL, PROFESORES, CENTROS ***********

DROP TABLE PERSONAL cascade constraints; 

CREATE TABLE PERSONAL (
 COD_CENTRO   	NUMBER(4) NOT NULL,
 DNI 		NUMBER(10),
 APELLIDOS 	VARCHAR2(30),
 FUNCION 	VARCHAR2(15),
 SALARIO 	NUMBER (10) 
);

INSERT INTO PERSONAL VALUES (10,1112345,'Martinez Salas, Fernando',
'PROFESOR', 220000);
INSERT INTO PERSONAL VALUES (10,4123005,'Bueno Zarco, Elisa', 
'PROFESOR', 220000);
INSERT INTO PERSONAL VALUES (10,4122025,'Montes Garcia, M.Pilar', 
'PROFESOR', 220000);

INSERT INTO PERSONAL VALUES (15,1112346,'Rivera Silvestre, Ana',
'PROFESOR', 205000);
INSERT INTO PERSONAL VALUES (15,9800990, 'Ramos Ruiz, Luis',
'PROFESOR', 205000);
INSERT INTO PERSONAL VALUES (15,8660990, 'De Lucas Fdez, M.Angel',
'PROFESOR', 205000);

INSERT INTO PERSONAL VALUES (22,7650000, 'Ruiz Lafuente, Manuel',
'PROFESOR', 220000);
INSERT INTO PERSONAL VALUES (45,43526789, 'Serrano Laguia, Maria',
'PROFESOR', 205000);


INSERT INTO PERSONAL VALUES (10,4480099,'Ruano Cerezo, Manuel',
'ADMINISTRATIVO', 180000);
INSERT INTO PERSONAL VALUES (15,1002345,'Albarran Serrano, Alicia',
'ADMINISTRATIVO', 180000);
INSERT INTO PERSONAL VALUES (15,7002660,'MuNoz Rey, Felicia',
'ADMINISTRATIVO', 180000);
INSERT INTO PERSONAL VALUES (22,5502678,'Marin Marin, Pedro',
'ADMINISTRATIVO', 180000);
INSERT INTO PERSONAL VALUES (22,6600980, 'Peinado Gil, Elena',
'CONSERJE', 175000);
INSERT INTO PERSONAL VALUES (45,4163222, 'Sarro Molina, Carmen',
'CONSERJE', 175000);


DROP TABLE PROFESORES cascade constraints; 

CREATE TABLE PROFESORES (
 COD_CENTRO   	NUMBER(4) NOT NULL,
 DNI          	NUMBER(10),
 APELLIDOS 	VARCHAR2(30),
 ESPECIALIDAD 	VARCHAR2(16) 
);


INSERT INTO PROFESORES VALUES (10,1112345,'Martinez Salas, Fernando',
'INFORMATICA');
INSERT INTO PROFESORES VALUES (10,4123005,'Bueno Zarco, Elisa', 
'MATEMATICAS');
INSERT INTO PROFESORES VALUES (10,4122025,'Montes Garcia, M.Pilar', 
'MATEMATICAS');

INSERT INTO PROFESORES VALUES (15,9800990, 'Ramos Ruiz, Luis',
	'LENGUA');
INSERT INTO PROFESORES VALUES (15,1112346,'Rivera Silvestre, Ana',
	'DIBUJO');
INSERT INTO PROFESORES VALUES (15,8660990, 'De Lucas Fdez, M.Angel',
'LENGUA');

INSERT INTO PROFESORES VALUES (22,7650000, 'Ruiz Lafuente, Manuel',
'MATEMATICAS');
INSERT INTO PROFESORES VALUES (45,43526789, 'Serrano Laguia, Maria',
'INFORMATICA');

DROP TABLE CENTROS cascade constraints; 

CREATE TABLE CENTROS (
 COD_CENTRO   	NUMBER(4) NOT NULL,
 TIPO_CENTRO  	CHAR(1),
 NOMBRE 	VARCHAR2(30),
 DIRECCION 	VARCHAR2(26),
 TELEFONO 	VARCHAR2(10),
 NUM_PLAZAS 	NUMBER(4)
 );


INSERT INTO CENTROS VALUES (10,'S','IES El Quijote', 
'Avda. Los Molinos 25', '965-887654',538);
INSERT INTO CENTROS VALUES (15,'P','CP Los Danzantes', 'C/Las Musas s/n',
'985-112322',250);
INSERT INTO CENTROS VALUES (22,'S', 'IES Planeta Tierra', 'C/Mina 45',
'925-443400',300);
INSERT INTO CENTROS VALUES (45,'P', 'CP Manuel Hidalgo', 'C/Granada 5',
'926-202310',220);
INSERT INTO CENTROS VALUES (50,'S', 'IES Antonete', 'C/Los Toreros 21',
'989-406090',310);

commit;

REM ************ FIN ****************


REM *************** TABLAS UNIDAD VI ***************
REM *************** TABLASUNI6.SQL *****************

REM *************** TABLA EMPLE30: **************

DROP TABLE EMPLE30 cascade constraints; 

CREATE TABLE EMPLE30 (
 EMP_NO    NUMBER(4) 	NOT NULL,
 APELLIDO  VARCHAR(10),
 OFICIO    VARCHAR(10),
 DIR       NUMBER(4),
 FECHA_ALT DATE,
 SALARIO   NUMBER(10),
 COMISION  NUMBER(10),
 DEPT_NO   NUMBER(2) 	NOT NULL);

REM *************** TABLA COCHES: *************

DROP TABLE COCHES cascade constraints; 

CREATE TABLE COCHES (NOMBRE VARCHAR2(15));

INSERT INTO COCHES VALUES('SEAT');

COMMIT;

REM *************** TABLAS ARTICULOS, TIENDAS, FABRICANTES, PEDIDOS y VENTAS:********

DROP TABLE ARTICULOS cascade constraints; 
DROP TABLE TIENDAS cascade constraints; 
DROP TABLE FABRICANTES cascade constraints; 
DROP TABLE PEDIDOS cascade constraints; 
DROP TABLE VENTAS cascade constraints; 

CREATE TABLE ARTICULOS(
	ARTICULO       VARCHAR2(20)	NOT NULL,
	COD_FABRICANTE NUMBER(3) 	NOT NULL,
	PESO           NUMBER(3) 	NOT NULL ,
	CATEGORIA      VARCHAR2(10) 	NOT NULL,
	PRECIO_VENTA   NUMBER (4),
	PRECIO_COSTO   NUMBER (4),
	EXISTENCIAS    NUMBER (5) );

INSERT INTO ARTICULOS VALUES ('Macarrones',20, 1, 'Primera',100,98,120);
INSERT INTO ARTICULOS VALUES ('Tallarines',20, 2, 'Primera',120,100,100);
INSERT INTO ARTICULOS VALUES ('Tallarines',20, 1, 'Segunda',99,50,100);
INSERT INTO ARTICULOS VALUES ('Macarrones',20, 1, 'Tercera',80,50,100);

INSERT INTO ARTICULOS VALUES ('Atun',10, 3, 'Primera',200,150,220);
INSERT INTO ARTICULOS VALUES ('Atun',10, 3, 'Segunda',150,100,220);
INSERT INTO ARTICULOS VALUES ('Atun',10, 3, 'Tercera',100,50,220);
INSERT INTO ARTICULOS VALUES ('Sardinillas',10, 1,
 'Primera',250,200,200);
INSERT INTO ARTICULOS VALUES ('Sardinillas',10, 1,
 'Segunda',200,160,200);
INSERT INTO ARTICULOS VALUES ('Sardinillas',10, 1, 
'Tercera',100,150,220);
INSERT INTO ARTICULOS VALUES ('Mejillones',10, 1, 
'Tercera',90,50,200);
INSERT INTO ARTICULOS VALUES ('Mejillones',10, 1, 
'Primera',200,150,300);



INSERT INTO ARTICULOS VALUES ('Macarrones',25, 1, 'Primera',90,68,150);
INSERT INTO ARTICULOS VALUES ('Tallarines',25, 1, 'Primera',100,90,100);
INSERT INTO ARTICULOS VALUES ('Fideos',25, 1, 'Segunda',75,50,100);
INSERT INTO ARTICULOS VALUES ('Fideos',25, 1, 'Primera',100,80,100);


INSERT INTO ARTICULOS VALUES ('Galletas Cuadradas',
15, 1, 'Primera',100,80,100);
INSERT INTO ARTICULOS VALUES ('Galletas Cuadradas',
15, 1, 'Segunda',70,50,100);
INSERT INTO ARTICULOS VALUES ('Galletas Cuadradas',
15, 1, 'Tercera',50,40,100);
INSERT INTO ARTICULOS VALUES ('Barquillos',15, 1, 'Primera',100,80,100);
INSERT INTO ARTICULOS VALUES ('Barquillos',15, 1, 'Segunda',100,80,100);
INSERT INTO ARTICULOS VALUES ('Canutillos',15, 2, 'Primera',170,150,110);
INSERT INTO ARTICULOS VALUES ('Canutillos',15, 2, 'Segunda',120,150,110);

INSERT INTO ARTICULOS VALUES ('Leche entera',30, 1, 
'Primera',110,100,300);
INSERT INTO ARTICULOS VALUES ('Leche desnat.',30, 1, 
'Primera',120,100,300);
INSERT INTO ARTICULOS VALUES ('Leche semi.',30, 1, 
'Primera',130,110,300);
INSERT INTO ARTICULOS VALUES ('Leche entera',30, 2, 
'Primera',210,200,300);
INSERT INTO ARTICULOS VALUES ('Leche desnat.',30, 2, 
'Primera',220,200,300);
INSERT INTO ARTICULOS VALUES ('Leche semi.',30, 2, 
'Primera',230,210,300);
INSERT INTO ARTICULOS VALUES ('Mantequilla',30, 1, 
'Primera',510,400,200);
INSERT INTO ARTICULOS VALUES ('Mantequilla',30, 1, 
'Segunda',450,340,200);


CREATE TABLE FABRICANTES(
	COD_FABRICANTE NUMBER(3) 	NOT NULL,
	NOMBRE         VARCHAR2(15), 
	PAIS           VARCHAR2(15));

INSERT INTO FABRICANTES VALUES(10,'CALVO', 'ESPANA');
INSERT INTO FABRICANTES VALUES(15,'LU', 'BELGICA');
INSERT INTO FABRICANTES VALUES(20,'BARILLA', 'ITALIA');
INSERT INTO FABRICANTES VALUES(25,'GALLO', 'ESPANA');
INSERT INTO FABRICANTES VALUES(30,'PRESIDENT', 'FRANCIA');

CREATE TABLE TIENDAS(
	NIF       VARCHAR2(10) NOT NULL,
	NOMBRE    VARCHAR2(20),
	DIRECCION VARCHAR2(20),
	POBLACION VARCHAR2(20),
	PROVINCIA VARCHAR2(20),
	CODPOSTAL NUMBER(5) );

INSERT INTO TIENDAS VALUES('1111-A','Almacenes Perez', 'C/Toledo, 20',
 'Siguenza','GUADALAJARA',19104); 
INSERT INTO TIENDAS VALUES('5555-B','La gacela', 'C/Santander Rios, 45',
 'Azuqueca','GUADALAJARA', 19209);
INSERT INTO TIENDAS VALUES('2222-A','Comestibles Rodolfo', 
'C/ del Val s/n', 'Alcala de Henares','MADRID',28804);
INSERT INTO TIENDAS VALUES('4444-A','La Pasta Gansa', 'C/Alcala, 2',
 'Ajalvir','MADRID', 28765);
 INSERT INTO TIENDAS VALUES('3333-N','Ultramarinos Montse',
  'Avda. Pio 10', 'Toledo','TOLEDO',45100);
INSERT INTO TIENDAS VALUES('4141-B','Todo Toledo',
 'C/Avila 24', 'Talavera','TOLEDO',45199);


CREATE TABLE PEDIDOS(
	NIF               VARCHAR2(10) 	NOT NULL,
	ARTICULO          VARCHAR2(20) 	NOT NULL,
	COD_FABRICANTE    NUMBER(3) 	NOT NULL,
	PESO              NUMBER(3) 	NOT NULL,
	CATEGORIA         VARCHAR2(10) 	NOT NULL,
	FECHA_PEDIDO      DATE 		NOT NULL,
	UNIDADES_PEDIDAS  NUMBER(4)
);

ALTER SESSION SET NLS_DATE_FORMAT='DD/MM/YYYY';

INSERT INTO PEDIDOS VALUES ('5555-B','Macarrones',20, 1, 'Primera',
TO_DATE('18/02/1999'), 30);
INSERT INTO PEDIDOS VALUES ('5555-B','Atun',10, 3, 'Primera',
TO_DATE('21/02/1999'), 10);
INSERT INTO PEDIDOS VALUES ('5555-B','Atun',10, 3, 'Segunda',
TO_DATE('11/03/1999'), 4);
INSERT INTO PEDIDOS VALUES ('5555-B','Sardinillas',10, 1, 'Segunda', 
TO_DATE('11/03/1999'), 10);
INSERT INTO PEDIDOS VALUES ('5555-B','Macarrones',25, 1, 'Primera',
TO_DATE('14/04/1999'), 12);
INSERT INTO PEDIDOS VALUES ('5555-B','Fideos',25, 1, 'Segunda', 
TO_DATE('18/05/1999'), 24);
INSERT INTO PEDIDOS VALUES ('5555-B','Fideos',25, 1, 'Segunda', 
TO_DATE('19/05/1999'), 20);
INSERT INTO PEDIDOS VALUES ('5555-B','Galletas Cuadradas',
15, 1, 'Segunda', TO_DATE('20/06/1999'), 15);

INSERT INTO PEDIDOS VALUES ('1111-A','Barquillos',15, 1, 'Primera',
TO_DATE('20/02/1999'), 10);

INSERT INTO PEDIDOS VALUES ('1111-A','Canutillos',15, 2, 'Segunda',
TO_DATE('10/04/1999'), 12);
INSERT INTO PEDIDOS VALUES ('1111-A','Leche semi.',30, 1, 'Primera',
TO_DATE('24/06/1999'), 5);
INSERT INTO PEDIDOS VALUES ('1111-A','Leche semi.',30, 2, 'Primera',
TO_DATE('04/07/1999'), 11);
INSERT INTO PEDIDOS VALUES ('1111-A','Mantequilla',30, 1, 'Primera', 
TO_DATE('10/07/1999'), 10);

INSERT INTO PEDIDOS VALUES ('4141-B','Macarrones',20, 1, 'Primera',
TO_DATE('16/04/1999'), 30);
INSERT INTO PEDIDOS VALUES ('4141-B','Atun',10, 3, 'Primera',
TO_DATE('21/06/1999'), 10);
INSERT INTO PEDIDOS VALUES ('4141-B','Atun',10, 3, 'Segunda',
TO_DATE('12/08/1999'), 9);


INSERT INTO PEDIDOS VALUES ('2222-A','Sardinillas',10, 1,
 'Segunda', TO_DATE('12/08/1999'),20);
INSERT INTO PEDIDOS VALUES ('2222-A','Sardinillas',10, 1, 
'Tercera', TO_DATE('12/08/1999'),22);
INSERT INTO PEDIDOS VALUES('2222-A','Mejillones',10,1,
 'Primera',SYSDATE,1000);

INSERT INTO PEDIDOS VALUES ('3333-A','Macarrones',25, 1,
 'Primera',TO_DATE('10/11/1999'),8);
INSERT INTO PEDIDOS VALUES ('3333-A','Tallarines',25, 1, 
'Primera', TO_DATE('12/11/1999'),9);
 INSERT INTO PEDIDOS VALUES ('3333-A','Fideos',25, 1, 
'Primera', TO_DATE('15/11/1999'),11);
 INSERT INTO PEDIDOS VALUES ('3333-A','Galletas Cuadradas',
15, 1, 'Primera', TO_DATE('20/11/1999'),6);
INSERT INTO PEDIDOS VALUES ('3333-A','Barquillos',15, 1, 
'Segunda', TO_DATE('20/11/1999'),40);
 INSERT INTO PEDIDOS VALUES ('3333-A','Canutillos',15, 2, 
'Segunda', TO_DATE('20/11/1999'),10);



CREATE TABLE VENTAS(
NIF                VARCHAR2(10) NOT NULL,
ARTICULO           VARCHAR2(20) NOT NULL,
COD_FABRICANTE     NUMBER(3) 	NOT NULL,
PESO               NUMBER(3) 	NOT NULL,
CATEGORIA          VARCHAR2(10) NOT NULL,
FECHA_VENTA        DATE 	NOT NULL,
UNIDADES_VENDIDAS  NUMBER(4)
);


INSERT INTO VENTAS VALUES ('5555-B','Macarrones',20, 1, 'Primera',
TO_DATE('19/02/1999'), 5);
INSERT INTO VENTAS VALUES ('5555-B','Atun',10, 3, 'Primera',
TO_DATE('19/02/1999'), 6);
INSERT INTO VENTAS VALUES ('5555-B','Atun',10, 3, 'Segunda',
TO_DATE('20/03/1999'), 15);
INSERT INTO VENTAS VALUES ('5555-B','Sardinillas',10, 1, 'Segunda', 
TO_DATE('20/03/1999'), 8);
INSERT INTO VENTAS VALUES ('5555-B','Macarrones',25, 1, 'Primera',
TO_DATE('17/04/1999'), 2);
INSERT INTO VENTAS VALUES ('5555-B','Fideos',25, 1, 'Segunda', 
TO_DATE('18/05/1999'), 14);
INSERT INTO VENTAS VALUES ('5555-B','Leche semi.',30, 1, 'Primera',
TO_DATE('24/06/1999'), 5);

INSERT INTO VENTAS VALUES ('2222-A','Galletas Cuadradas',
15, 1, 'Segunda', TO_DATE('20/06/1999'), 5);
INSERT INTO VENTAS VALUES ('2222-A','Barquillos',15, 1, 'Primera',
TO_DATE('20/02/1999'), 6);
INSERT INTO VENTAS VALUES ('2222-A','Canutillos',15, 2, 'Segunda',
TO_DATE('10/06/1999'), 2);
INSERT INTO VENTAS VALUES ('2222-A','Sardinillas',10, 1,
 'Segunda', TO_DATE('15/08/1999'),5);
INSERT INTO VENTAS VALUES ('2222-A','Sardinillas',10, 1, 
'Tercera', TO_DATE('15/08/1999'),5);


INSERT INTO VENTAS VALUES ('3333-A','Leche semi.',30, 2, 'Primera',
TO_DATE('06/07/1999'), 11);
INSERT INTO VENTAS VALUES ('3333-A','Mantequilla',30, 1, 'Primera', 
TO_DATE('16/07/1999'), 10);
INSERT INTO VENTAS VALUES ('3333-A','Macarrones',20, 1, 'Primera',
TO_DATE('26/04/1999'), 30);
INSERT INTO VENTAS VALUES ('3333-A','Atun',10, 3, 'Primera',
TO_DATE('26/04/1999'), 10);
INSERT INTO VENTAS VALUES ('3333-A','Barquillos',15, 1, 
'Segunda', TO_DATE('25/11/1999'),4);
 INSERT INTO VENTAS VALUES ('3333-A','Canutillos',15, 2, 
'Segunda', TO_DATE('25/11/1999'),4);

INSERT INTO VENTAS VALUES ('4141-B','Atun',10, 3, 'Segunda',
TO_DATE('12/08/1999'), 2);

INSERT INTO VENTAS VALUES ('4141-B','Macarrones',25, 1,
 'Primera',TO_DATE('10/11/1999'),2);
INSERT INTO VENTAS VALUES ('4141-B','Tallarines',25, 1, 
'Primera', TO_DATE('11/11/1999'),3);
INSERT INTO VENTAS VALUES ('4141-B','Canutillos',15, 2, 
'Segunda', TO_DATE('11/11/1999'),8);

commit;

REM *************** FIN *******************************


REM ############### SCRIPT CREACION TABLAS DE EJEMPLO ###################

REM ######################################################################
REM                        DEPART Y EMPLE 
REM ######################################################################

REM ### ELIMINACION TABLA DEPART ANTIGUA (SI EXISTE)

DROP TABLE DEPART cascade constraints;

REM ### CREACION TABLA DEPART

CREATE TABLE DEPART (
 DEPT_NO  NUMBER(2) NOT NULL,
 DNOMBRE  VARCHAR2(14), 
 LOC      VARCHAR2(14), 
CONSTRAINT PK_DEPT_NO PRIMARY KEY (DEPT_NO)
);


REM ### ELIMINACION TABLA EMPLE ANTIGUA (SI EXISTE)

DROP TABLE EMPLE cascade constraints; 

REM ### CREACIÓN TABLA EMPLE

CREATE TABLE EMPLE (
 EMP_NO    NUMBER(4) NOT NULL,
 APELLIDO  VARCHAR2(10),
 OFICIO    VARCHAR2(10),
 DIR       NUMBER(4),
 FECHA_ALT DATE,
 SALARIO   NUMBER(10),
 COMISION  NUMBER(10),
 DEPT_NO   NUMBER(2) NOT NULL,
CONSTRAINT PK_EMP_NO PRIMARY KEY (EMP_NO)
);


REM ## INSERCIÓN DE FILAS EN LA TABLA DEPART

INSERT INTO DEPART VALUES (10,'CONTABILIDAD','SEVILLA');
INSERT INTO DEPART VALUES (20,'INVESTIGACION','MADRID');
INSERT INTO DEPART VALUES (30,'VENTAS','BARCELONA');
INSERT INTO DEPART VALUES (40,'PRODUCCION','BILBAO');
COMMIT;


REM ## INSERCIÓN DE FILAS EN LA TABLA EMPLE

INSERT INTO EMPLE VALUES (7369,'SANCHEZ','EMPLEADO',7902,'17/12/1980',104000,NULL,20);                            
INSERT INTO EMPLE VALUES (7499,'ARROYO','VENDEDOR',7698,'20/02/1980', 208000,39000,30);
INSERT INTO EMPLE VALUES (7521,'SALA','VENDEDOR',7698,'22/02/1981', 162500,65000,30);
INSERT INTO EMPLE VALUES (7566,'JIMENEZ','DIRECTOR',7839,'02/04/1981', 386750,NULL,20);
INSERT INTO EMPLE VALUES (7654,'MARTIN','VENDEDOR',7698,'29/09/1981', 162500,182000,30);
INSERT INTO EMPLE VALUES (7698,'NEGRO','DIRECTOR',7839,'01/05/1981', 370500,NULL,30);
INSERT INTO EMPLE VALUES (7782,'CEREZO','DIRECTOR',7839,'09/06/1981', 318500,NULL,10);
INSERT INTO EMPLE VALUES (7788,'GIL','ANALISTA',7566,'09/11/1981', 390000,NULL,20);
INSERT INTO EMPLE VALUES (7839,'REY','PRESIDENTE',NULL,'17/11/1981', 650000,NULL,10);
INSERT INTO EMPLE VALUES (7844,'TOVAR','VENDEDOR',7698,'08/09/1981', 195000,0,30);
INSERT INTO EMPLE VALUES (7876,'ALONSO','EMPLEADO',7788,'23/09/1981', 143000,NULL,20);
INSERT INTO EMPLE VALUES (7900,'JIMENO','EMPLEADO',7698,'03/12/1981', 123500,NULL,30);
INSERT INTO EMPLE VALUES (7902,'FERNANDEZ','ANALISTA',7566,'03/12/1981',390000, NULL,20);                       
INSERT INTO EMPLE VALUES (7934,'MUNOZ','EMPLEADO',7782,'23/01/1982', 169000,NULL,10);                      
COMMIT;


REM ############################################################################
REM                       CLIENTES, PRODUCTOS Y VENTAS
REM ############################################################################


REM ### ELIMINACION TABLA CLIENTES ANTIGUA (SI EXISTE).

DROP TABLE clientes CASCADE CONSTRAINTS;

REM ### CREACION TABLA CLIENTES

CREATE TABLE clientes
	(nif		VARCHAR2(10) NOT NULL,
	 nombre		VARCHAR2(15) NOT NULL,
	 domicilio	VARCHAR2(15),
     CONSTRAINT pk_clientes
	PRIMARY KEY (nif)
	);


REM ### ELIMINACION TABLA PRODUCTOS ANTIGUA (SI EXISTE).

DROP TABLE productos CASCADE CONSTRAINTS;

REM ### CREACION TABLA PRODUCTOS


CREATE TABLE productos
	(cod_producto	NUMBER(4) 	NOT NULL,
	descripcion	VARCHAR2(15) 	NOT NULL,
	linea_producto	VARCHAR2(6) 	NOT NULL,
 	precio_uni	NUMBER(6) 	NOT NULL,
	stock		NUMBER(5)	NOT NULL,	
  CONSTRAINT pk_productos	
	PRIMARY KEY (cod_producto),
  CONSTRAINT ck_precio
	CHECK (precio_uni > 0)	
	);

REM ### ELIMINACION TABLA VENTAS ANTIGUA (SI EXISTE).

DROP TABLE ventas CASCADE CONSTRAINTS;

REM ### CREACION TABLA VENTAS


CREATE TABLE ventas
	(nif		VARCHAR2(10) 	NOT NULL,
	cod_producto	NUMBER(4)	NOT NULL,
	fecha		DATE		NOT NULL,
	unidades	NUMBER(3)	DEFAULT 1 NOT NULL,
    CONSTRAINT pk_ventas
	PRIMARY KEY (nif, cod_producto, fecha),
    CONSTRAINT fk_ventas_cliente
	FOREIGN KEY (nif)
	REFERENCES Clientes(nif) 
	ON DELETE CASCADE,
    CONSTRAINT fk_ventas_producto
	FOREIGN KEY (cod_producto)
	REFERENCES Productos(cod_producto)
	ON DELETE CASCADE,
    CONSTRAINT ck_unidades
	CHECK (unidades > 0)
	);


REM ### INSERCION DE FILAS EN LA TABLA  Productos

insert into Productos values(1, 'PROCESADOR P133', 'PROCES', 15000, 0);
insert into Productos values(2, 'PLACA BASE VX', 'PB', 10000, 0);
insert into Productos values(3, 'SIMM EDO 16MB', 'MEM', 7000, 0);
insert into Productos values(4, 'DISCO SCSI 4MB', 'DISCOS', 40000, 0);  
insert into Productos values(5, 'PROCESADOR K6', 'PROCES', 20000, 0);
insert into Productos values(6, 'DISCO IDE 2.5MB', 'DISCOS', 25000, 0);
insert into Productos values(7, 'PROCESADOR MMX', 'PROCES', 20000, 0);
insert into Productos values(8, 'PLACA BASE ATLA', 'PB', 50000, 0);
insert into Productos values(9, 'DIMM SDRAM 32MB', 'MEM', 22000, 0);
COMMIT;


REM ### INSERCION DE FILAS EN LA TABLA Clientes

insert into Clientes values('111A', 'ANDRES', 'POZUELO' ); 
insert into Clientes values('222B', 'JAIME', 'ARAVACA'); 
insert into Clientes values('333C', 'TERESA', 'LAS ROZAS'); 
insert into Clientes values('444D', 'VICENTE', 'MADRID');
insert into Clientes values('555E', 'SANDRA', 'MADRID');
insert into Clientes values('666F', 'ALBERTO', 'POZUELO');
insert into Clientes values('777G', 'MIGUEL', 'POZUELO');
insert into Clientes values('888H', 'MARINA','ARAVACA');
insert into Clientes values('999I', 'ANTONIO', 'LAS ROZAS');
COMMIT;


REM ### INSERCION DE FILAS EN LA TABLA  Ventas

insert into Ventas values('333C', 2, '22/09/1997', 2);
insert into Ventas values('888H', 4, '22/09/1997', 1);
insert into Ventas values('555E', 6, '23/09/1997', 3);
insert into Ventas values('222B', 5, '26/09/1997', 5);
insert into Ventas values('111A', 9, '28/09/1997', 3);
insert into Ventas values('222B', 4, '28/09/1997', 1);
insert into Ventas values('444D', 6, '02/10/1997', 2);
insert into Ventas values('555E', 6, '02/10/1997', 1);
insert into Ventas values('888H', 2, '04/10/1997', 4);
insert into Ventas values('333C', 9, '04/10/1997', 4);
insert into Ventas values('222B', 6, '05/10/1997', 2);
insert into Ventas values('666F', 7, '07/10/1997', 1);
insert into Ventas values('555E', 4, '10/10/1997', 3);
insert into Ventas values('222B', 4, '16/10/1997', 2);
insert into Ventas values('111A', 3, '18/10/1997', 3);
insert into Ventas values('222B', 4, '18/10/1997', 5);
insert into Ventas values('444D', 6, '22/10/1997', 2);
insert into Ventas values('555E', 6, '02/11/1997', 2);
insert into Ventas values('888H', 2, '04/11/1997', 3);
insert into Ventas values('333C', 9, '04/12/1997', 3);
insert into Ventas values('222B', 2, '05/12/1997', 2);
COMMIT;


REM ########################### FIN DEL SCRIPT #########################

